﻿gbifid	datasetkey	occurrenceid	kingdom	phylum	class	order	family	genus	species	infraspecificepithet	taxonrank	scientificname	countrycode	locality	publishingorgkey	latitude	longitude	coordinateuncertaintyinmeters	coordinateprecision	elevation	elevationaccuracy	depth	depthaccuracy	eventdate	day	month	year	taxonkey	specieskey	basisofrecord	institutioncode	collectioncode	catalognumber	recordnumber	identifiedby	license	rightsholder	recordedby	typestatus	establishmentmeans	lastinterpreted	mediatype	issue
1802659087	50c9509d-22c7-4a22-a47d-8c48425ef4a7	https://www.inaturalist.org/observations/9053871	Animalia	Chordata	Mammalia	Carnivora	Ursidae	Tremarctos	Tremarctos ornatus		SPECIES	Tremarctos ornatus (F.G.Cuvier, 1825)	EC		28eb1a3f-1c15-4a95-931a-4af90ecb574d	-0.372984	-78.202232	31451.0						2017-12-01T18:37Z	1	12	2017	2433401	2433401	HUMAN_OBSERVATION	iNaturalist	Observations	9053871			CC_BY_NC_4_0	pfaucher	pfaucher			2018-02-02T18:12Z	STILLIMAGE	GEODETIC_DATUM_ASSUMED_WGS84;COORDINATE_ROUNDED
1707695473	9c2d26f1-0ce0-4cde-9f8d-de8284404fff	IAvH:IAvH-CT-2259	Animalia	Chordata	Mammalia	Carnivora	Ursidae	Tremarctos	Tremarctos ornatus		SPECIES	Tremarctos ornatus (F.G.Cuvier, 1825)	CO	PNN Chingaza	2a7e3080-28a9-11dd-97cd-b8a03c50a862	4.619117	-73.746514											2433401	2433401	PRESERVED_SPECIMEN	Instituto de Investigación de Recursos Biológicos Alexander von Humboldt (IAvH)	IAvH-CT	IAvH-CT-2259			CC_BY_NC_4_0		Umaña, Ana-Maria			2018-02-04T17:32Z		GEODETIC_DATUM_ASSUMED_WGS84
1707689893	9c2d26f1-0ce0-4cde-9f8d-de8284404fff	IAvH:IAvH-CT-16370	Animalia	Chordata	Mammalia	Carnivora	Ursidae	Tremarctos	Tremarctos ornatus		SPECIES	Tremarctos ornatus (F.G.Cuvier, 1825)	CO	Reserva Natural La Mesenia-Paramillo, Las Brisas	2a7e3080-28a9-11dd-97cd-b8a03c50a862	5.493972	-75.898333			2559.0	0.0			2014-03-27T01:00Z	27	3	2014	2433401	2433401	PRESERVED_SPECIMEN	Instituto de Investigación de Recursos Biológicos Alexander von Humboldt (IAvH)	IAvH-CT	IAvH-CT-16370	JSCB(M)001	Cárdenas, Johann-S.	CC_BY_NC_4_0		Cárdenas, Johann-S.			2018-02-04T17:32Z		GEODETIC_DATUM_ASSUMED_WGS84;COORDINATE_ROUNDED
1707664107	2a337d5a-a784-4f8a-a947-46d69e0fa3eb	IAvH:IAvH-M-7065	Animalia	Chordata	Mammalia	Carnivora	Ursidae	Tremarctos	Tremarctos ornatus		SPECIES	Tremarctos ornatus (F.G.Cuvier, 1825)	CO	PNN Tama, Corregimiento San Antonio	2a7e3080-28a9-11dd-97cd-b8a03c50a862	7.425278	-72.443889			1350.0	150.0							2433401	2433401	PRESERVED_SPECIMEN	Instituto de Investigación de Recursos Biológicos Alexander von Humboldt (IAvH)	IAvH-M	IAvH-M-7065	YMS 616	Muñoz-Saba, Yaneth	CC_BY_NC_4_0		Contreras, Julio			2018-02-04T17:32Z		GEODETIC_DATUM_ASSUMED_WGS84;COORDINATE_ROUNDED
1707663937	2a337d5a-a784-4f8a-a947-46d69e0fa3eb	IAvH:IAvH-M-7064	Animalia	Chordata	Mammalia	Carnivora	Ursidae	Tremarctos	Tremarctos ornatus		SPECIES	Tremarctos ornatus (F.G.Cuvier, 1825)	CO	PNN Tama, vereda El Diamante	2a7e3080-28a9-11dd-97cd-b8a03c50a862	7.122778	-72.233056			1100.0	0.0							2433401	2433401	PRESERVED_SPECIMEN	Instituto de Investigación de Recursos Biológicos Alexander von Humboldt (IAvH)	IAvH-M	IAvH-M-7064		Muñoz-Saba, Yaneth	CC_BY_NC_4_0		Muñoz-Saba, Yaneth			2018-02-04T17:32Z		GEODETIC_DATUM_ASSUMED_WGS84;COORDINATE_ROUNDED
1703252439	434d867c-713f-4f13-8d03-b7de4f3a0ab8	CPR-CELSIA:_2017_CALIMA_MAV:0664	Animalia	Chordata	Mammalia	Carnivora	Ursidae	Tremarctos	Tremarctos ornatus		SPECIES	Tremarctos ornatus (F.G.Cuvier, 1825)	CO	Vereda Río Bravo	2627e955-93f5-4206-bac5-a1e3bd91ee37	3.941417	-76.563027			1611.0	0.0			2017-03-03T01:00Z	3	3	2017	2433401	2433401	HUMAN_OBSERVATION	CPR	CPR_MAV_2017_CALIMA	CPR-CELSIA-2017:CALIMA_MAV_0664			CC_BY_NC_4_0		Marco Aarón Villegas			2018-02-02T22:43Z		RECORDED_DATE_MISMATCH;TAXON_MATCH_FUZZY;COORDINATE_ROUNDED
1703246918	b9d58ff4-ce6b-4d56-8287-3eb8361b3dc8	CPR-CELSIA:_2017_CUCUANA_MAV:0434	Animalia	Chordata	Mammalia	Carnivora	Ursidae	Tremarctos	Tremarctos ornatus		SPECIES	Tremarctos ornatus (F.G.Cuvier, 1825)	CO	Vereda San Miguel	2627e955-93f5-4206-bac5-a1e3bd91ee37	4.068417	-75.630667			2927.0	91.0			2017-05-07T02:00Z	7	5	2017	2433401	2433401	HUMAN_OBSERVATION	CPR	CPR_MAV_2017_CUCUANA	CPR-CELSIA-2017:CUCUANA_MAV_0434			CC_BY_NC_4_0		Marco Aarón Villegas			2018-02-02T22:43Z		TAXON_MATCH_FUZZY;COORDINATE_ROUNDED
1703225485	50c9509d-22c7-4a22-a47d-8c48425ef4a7	https://www.inaturalist.org/observations/8993378	Animalia	Chordata	Mammalia	Carnivora	Ursidae	Tremarctos	Tremarctos ornatus		SPECIES	Tremarctos ornatus (F.G.Cuvier, 1825)	EC		28eb1a3f-1c15-4a95-931a-4af90ecb574d	0.051306	-78.787682	31451.0						2017-11-18T17:16Z	18	11	2017	2433401	2433401	HUMAN_OBSERVATION	iNaturalist	Observations	8993378			CC_BY_NC_4_0	kjohnston406	kjohnston406			2018-02-15T10:27Z	STILLIMAGE	GEODETIC_DATUM_ASSUMED_WGS84;COORDINATE_ROUNDED
1703168250	50c9509d-22c7-4a22-a47d-8c48425ef4a7	https://www.inaturalist.org/observations/8821614	Animalia	Chordata	Mammalia	Carnivora	Ursidae	Tremarctos	Tremarctos ornatus		SPECIES	Tremarctos ornatus (F.G.Cuvier, 1825)	EC		28eb1a3f-1c15-4a95-931a-4af90ecb574d	0.187259	-78.72747	31451.0						2017-11-15T17:11Z	15	11	2017	2433401	2433401	HUMAN_OBSERVATION	iNaturalist	Observations	8821614			CC_BY_NC_4_0	pfaucher	pfaucher			2018-02-02T22:42Z	STILLIMAGE	GEODETIC_DATUM_ASSUMED_WGS84;COORDINATE_ROUNDED
1702473879	50c9509d-22c7-4a22-a47d-8c48425ef4a7	https://www.inaturalist.org/observations/8701613	Animalia	Chordata	Mammalia	Carnivora	Ursidae	Tremarctos	Tremarctos ornatus		SPECIES	Tremarctos ornatus (F.G.Cuvier, 1825)	CO		28eb1a3f-1c15-4a95-931a-4af90ecb574d	6.488823	-76.165336	31350.0						2017-10-21T11:00Z	21	10	2017	2433401	2433401	HUMAN_OBSERVATION	iNaturalist	Observations	8701613			CC_BY_NC_4_0	juandelgado_sib	juandelgado_sib			2018-02-03T20:52Z	STILLIMAGE	GEODETIC_DATUM_ASSUMED_WGS84;COORDINATE_ROUNDED
1699392826	50c9509d-22c7-4a22-a47d-8c48425ef4a7	https://www.inaturalist.org/observations/8649458	Animalia	Chordata	Mammalia	Carnivora	Ursidae	Tremarctos	Tremarctos ornatus		SPECIES	Tremarctos ornatus (F.G.Cuvier, 1825)	EC		28eb1a3f-1c15-4a95-931a-4af90ecb574d	0.055871	-78.77477	31451.0						2014-01-04T01:00Z	4	1	2014	2433401	2433401	HUMAN_OBSERVATION	iNaturalist	Observations	8649458			CC_BY_NC_4_0	maquipucuna	maquipucuna			2018-02-02T21:44Z	STILLIMAGE	GEODETIC_DATUM_ASSUMED_WGS84;COORDINATE_ROUNDED
1671716951	50c9509d-22c7-4a22-a47d-8c48425ef4a7	http://www.inaturalist.org/observations/3949312	Animalia	Chordata	Mammalia	Carnivora	Ursidae	Tremarctos	Tremarctos ornatus		SPECIES	Tremarctos ornatus (F.G.Cuvier, 1825)	EC		28eb1a3f-1c15-4a95-931a-4af90ecb574d	-0.24096	-78.182332	31451.0						2016-07-19T13:54Z	19	7	2016	2433401	2433401	HUMAN_OBSERVATION	iNaturalist	Observations	3949312			CC_BY_NC_4_0	hap32	hap32			2018-02-03T08:54Z	STILLIMAGE	GEODETIC_DATUM_ASSUMED_WGS84;COORDINATE_ROUNDED
1671716950	50c9509d-22c7-4a22-a47d-8c48425ef4a7	http://www.inaturalist.org/observations/3941361	Animalia	Chordata	Mammalia	Carnivora	Ursidae	Tremarctos	Tremarctos ornatus		SPECIES	Tremarctos ornatus (F.G.Cuvier, 1825)	EC		28eb1a3f-1c15-4a95-931a-4af90ecb574d	-0.298883	-78.017979	31451.0						2016-07-19T13:55Z	19	7	2016	2433401	2433401	HUMAN_OBSERVATION	iNaturalist	Observations	3941361			CC_BY_NC_4_0	ar_maclaren	ar_maclaren			2018-02-03T08:54Z	STILLIMAGE	GEODETIC_DATUM_ASSUMED_WGS84;COORDINATE_ROUNDED
1639429242	3546c1aa-a3e2-4888-870f-b246cd0971ed	BIODIVERSA-ACODAL:2014-MM-272	Animalia	Chordata	Mammalia	Carnivora	Ursidae	Tremarctos	Tremarctos ornatus		SPECIES	Tremarctos ornatus (F.G.Cuvier, 1825)	CO	Corregimiento Crucero Nogales, Predio Rinconadas	acdeb4a9-78c7-423b-bb21-fb5c4e515854	3.869506	-76.12805			2550.0	150.0			2014-09-01T02:00Z		9	2014	2433401	2433401	HUMAN_OBSERVATION	900425123-7	Mamiferos	MM-272			CC_BY_NC_4_0	Corporación para la Gestión Ambiental Biodiversa	Alex Cortés | Andrea Borrero | Martha Silva Velasco | Reisa Valencia Daza			2018-02-04T02:36Z		COORDINATE_ROUNDED
1639429241	3546c1aa-a3e2-4888-870f-b246cd0971ed	BIODIVERSA-ACODAL:2014-MM-289	Animalia	Chordata	Mammalia	Carnivora	Ursidae	Tremarctos	Tremarctos ornatus		SPECIES	Tremarctos ornatus (F.G.Cuvier, 1825)	CO	Corregimiento Los Andes, predio La Yolanda	acdeb4a9-78c7-423b-bb21-fb5c4e515854	3.417511	-76.62685			2100.0	500.0							2433401	2433401	HUMAN_OBSERVATION	900425123-7	Mamiferos	MM-289			CC_BY_NC_4_0	Corporación para la Gestión Ambiental Biodiversa	Alex Cortés | Andrea Borrero | Martha Silva Velasco | Reisa Valencia Daza			2018-02-04T02:36Z		RECORDED_DATE_INVALID;COORDINATE_ROUNDED
1639429235	3546c1aa-a3e2-4888-870f-b246cd0971ed	BIODIVERSA-ACODAL:2014-MM-821	Animalia	Chordata	Mammalia	Carnivora	Ursidae	Tremarctos	Tremarctos ornatus		SPECIES	Tremarctos ornatus (F.G.Cuvier, 1825)	CO	Corregimiento Toche, Paraje Los Chorros, predio Santa Ana de los Caballeros	acdeb4a9-78c7-423b-bb21-fb5c4e515854	3.546531	-76.0652			3300.0	200.0			2014-11-01T01:00Z		11	2014	2433401	2433401	HUMAN_OBSERVATION	900425123-7	Mamiferos	MM-821			CC_BY_NC_4_0	Corporación para la Gestión Ambiental Biodiversa	Alex Cortés | Andrea Borrero | Martha Silva Velasco | Reisa Valencia Daza			2018-02-04T02:36Z		COORDINATE_ROUNDED
1639429217	3546c1aa-a3e2-4888-870f-b246cd0971ed	BIODIVERSA-ACODAL:2014-MM-778	Animalia	Chordata	Mammalia	Carnivora	Ursidae	Tremarctos	Tremarctos ornatus		SPECIES	Tremarctos ornatus (F.G.Cuvier, 1825)	CO	Corregimiento Toche, Vereda Cabuyal adentro, paraje Los Chorros, predio Lusitania	acdeb4a9-78c7-423b-bb21-fb5c4e515854	3.58455	-76.043867			2850.0	350.0			2014-11-01T01:00Z		11	2014	2433401	2433401	HUMAN_OBSERVATION	900425123-7	Mamiferos	MM-778			CC_BY_NC_4_0	Corporación para la Gestión Ambiental Biodiversa	Alex Cortés | Andrea Borrero | Martha Silva Velasco | Reisa Valencia Daza			2018-02-04T02:36Z		COORDINATE_ROUNDED
1639429216	3546c1aa-a3e2-4888-870f-b246cd0971ed	BIODIVERSA-ACODAL:2014-MM-319	Animalia	Chordata	Mammalia	Carnivora	Ursidae	Tremarctos	Tremarctos ornatus		SPECIES	Tremarctos ornatus (F.G.Cuvier, 1825)	CO	Corregimiento Los Andes, predio El Danubio	acdeb4a9-78c7-423b-bb21-fb5c4e515854	3.411775	-76.654678			2250.0	150.0							2433401	2433401	HUMAN_OBSERVATION	900425123-7	Mamiferos	MM-319			CC_BY_NC_4_0	Corporación para la Gestión Ambiental Biodiversa	Alex Cortés | Andrea Borrero | Martha Silva Velasco | Reisa Valencia Daza			2018-02-04T02:36Z		RECORDED_DATE_INVALID;COORDINATE_ROUNDED
1639429190	3546c1aa-a3e2-4888-870f-b246cd0971ed	BIODIVERSA-ACODAL:2014-MM-304	Animalia	Chordata	Mammalia	Carnivora	Ursidae	Tremarctos	Tremarctos ornatus		SPECIES	Tremarctos ornatus (F.G.Cuvier, 1825)	CO	Corregimiento Villacarmelo, predio La Carolina	acdeb4a9-78c7-423b-bb21-fb5c4e515854	3.399294	-76.617303			2000.0	400.0							2433401	2433401	HUMAN_OBSERVATION	900425123-7	Mamiferos	MM-304			CC_BY_NC_4_0	Corporación para la Gestión Ambiental Biodiversa	Alex Cortés | Andrea Borrero | Martha Silva Velasco | Reisa Valencia Daza			2018-02-04T02:36Z		RECORDED_DATE_INVALID;COORDINATE_ROUNDED
1638729822	bdb3951b-1b8a-446d-8820-22ce0a2ea380	WCSColombia:2015_PNN_SSL:CTC1800:0240	Animalia	Chordata	Mammalia	Carnivora	Ursidae	Tremarctos	Tremarctos ornatus		SPECIES	Tremarctos ornatus (F.G.Cuvier, 1825)	CO		ab13adb9-ce23-444d-87c9-ce41f03ef2b3	7.682333	-74.331333			1106.5	473.5			2015-08-27T02:00Z	27	8	2015	2433401	2433401	MACHINE_OBSERVATION	WCS Colombia			CTC1800:0240	William Yezid Bonell Rojas	CC_BY_NC_4_0		William Yezid Bonell Rojas			2018-02-04T17:27Z		COORDINATE_ROUNDED
1638729746	bdb3951b-1b8a-446d-8820-22ce0a2ea380	WCSColombia:2015_PNN_SSL:CTC1800:0269	Animalia	Chordata	Mammalia	Carnivora	Ursidae	Tremarctos	Tremarctos ornatus		SPECIES	Tremarctos ornatus (F.G.Cuvier, 1825)	CO		ab13adb9-ce23-444d-87c9-ce41f03ef2b3	7.677528	-74.340333			1106.5	473.5			2015-07-30T02:00Z	30	7	2015	2433401	2433401	MACHINE_OBSERVATION	WCS Colombia			CTC1800:0269	William Yezid Bonell Rojas	CC_BY_NC_4_0		William Yezid Bonell Rojas			2018-02-04T17:27Z		COORDINATE_ROUNDED
1638729586	bdb3951b-1b8a-446d-8820-22ce0a2ea380	WCSColombia:2015_PNN_SSL:CTC1800:0094	Animalia	Chordata	Mammalia	Carnivora	Ursidae	Tremarctos	Tremarctos ornatus		SPECIES	Tremarctos ornatus (F.G.Cuvier, 1825)	CO		ab13adb9-ce23-444d-87c9-ce41f03ef2b3	7.690083	-74.337167			1106.5	473.5			2015-08-07T02:00Z	7	8	2015	2433401	2433401	MACHINE_OBSERVATION	WCS Colombia			CTC1800:0094	William Yezid Bonell Rojas	CC_BY_NC_4_0		William Yezid Bonell Rojas			2018-02-04T17:27Z		COORDINATE_ROUNDED
1621777449	50c9509d-22c7-4a22-a47d-8c48425ef4a7	https://www.inaturalist.org/observations/7538062	Animalia	Chordata	Mammalia	Carnivora	Ursidae	Tremarctos	Tremarctos ornatus		SPECIES	Tremarctos ornatus (F.G.Cuvier, 1825)	PE		28eb1a3f-1c15-4a95-931a-4af90ecb574d	-13.146526	-72.435234	31051.0						2017-08-03T13:00Z	3	8	2017	2433401	2433401	HUMAN_OBSERVATION	iNaturalist	Observations	7538062			CC_BY_NC_4_0	jayim	jayim			2018-02-03T09:39Z	STILLIMAGE	GEODETIC_DATUM_ASSUMED_WGS84;COORDINATE_ROUNDED
1586132563	50c9509d-22c7-4a22-a47d-8c48425ef4a7	https://www.inaturalist.org/observations/7346685	Animalia	Chordata	Mammalia	Carnivora	Ursidae	Tremarctos	Tremarctos ornatus		SPECIES	Tremarctos ornatus (F.G.Cuvier, 1825)	EC		28eb1a3f-1c15-4a95-931a-4af90ecb574d	-0.510098	-77.887729	31451.0						2017-08-03T10:20Z	3	8	2017	2433401	2433401	HUMAN_OBSERVATION	iNaturalist	Observations	7346685			CC_BY_NC_4_0	Alvaro Jaramillo	Alvaro Jaramillo			2018-02-03T05:54Z	STILLIMAGE	GEODETIC_DATUM_ASSUMED_WGS84;COORDINATE_ROUNDED
1584062531	1dd5aff4-0be7-437b-be86-c8fd9ba59b74	IIAP_ALTOGALÁPAGOS_MAMI_24	Animalia	Chordata	Mammalia	Carnivora	Ursidae	Tremarctos	Tremarctos ornatus		SPECIES	Tremarctos ornatus (F.G.Cuvier, 1825)	CO		e1050db2-9faf-4d72-b860-295debaf9d2a	4.073611	-76.513056											2433401	2433401	HUMAN_OBSERVATION	IIAP					CC_BY_NC_4_0		Cuesta R.E., Moya R.J.			2018-02-03T04:42Z		RECORDED_DATE_INVALID;COORDINATE_ROUNDED
1571090272	50c9509d-22c7-4a22-a47d-8c48425ef4a7	https://www.inaturalist.org/observations/6495574	Animalia	Chordata	Mammalia	Carnivora	Ursidae	Tremarctos	Tremarctos ornatus		SPECIES	Tremarctos ornatus (F.G.Cuvier, 1825)	EC		28eb1a3f-1c15-4a95-931a-4af90ecb574d	-0.378412	-78.092185	31451.0						2012-12-31T14:48Z	31	12	2012	2433401	2433401	HUMAN_OBSERVATION	iNaturalist	Observations	6495574			CC_BY_NC_4_0	Ben (Tremarctos.com)	Ben (Tremarctos.com)			2018-02-03T21:34Z		GEODETIC_DATUM_ASSUMED_WGS84;COORDINATE_ROUNDED
1503376897	23f4da21-db6b-445d-b2ac-df931df7e112	IIAP_FRONTINO_FAU_28	Animalia	Chordata	Mammalia	Carnivora	Ursidae	Tremarctos	Tremarctos ornatus		SPECIES	Tremarctos ornatus (F.G.Cuvier, 1825)	CO		e1050db2-9faf-4d72-b860-295debaf9d2a	6.252222	-76.22725											2433401	2433401	HUMAN_OBSERVATION	IIAP					CC_BY_NC_4_0		Bonilla-Urrutia N.S.			2018-02-04T11:08Z		RECORDED_DATE_INVALID;COORDINATE_ROUNDED
1503125377	5995e6ec-ec8e-4021-ab7b-37806367c48a	IIAP_TATAMÁ_FAU_60	Animalia	Chordata	Mammalia	Carnivora	Ursidae	Tremarctos	Tremarctos ornatus		SPECIES	Tremarctos ornatus (F.G.Cuvier, 1825)	CO		e1050db2-9faf-4d72-b860-295debaf9d2a	5.133361	-76.686556											2433401	2433401	HUMAN_OBSERVATION	IIAP					CC_BY_NC_4_0		Bonilla-Urrutia N.B.			2018-02-04T06:25Z		RECORDED_DATE_INVALID;COORDINATE_ROUNDED
1503125359	4e941005-b5b4-4f79-b8cc-acc1318b6fc4	IIAP_DUENDE_FAUNA_26	Animalia	Chordata	Mammalia	Carnivora	Ursidae	Tremarctos	Tremarctos ornatus		SPECIES	Tremarctos ornatus (F.G.Cuvier, 1825)	CO		e1050db2-9faf-4d72-b860-295debaf9d2a	4.073333	-76.509056											2433401	2433401	HUMAN_OBSERVATION	IIAP					CC_BY_NC_4_0		Moya R.J. y Cuesta-Ríos E.Y.			2018-02-04T06:25Z		RECORDED_DATE_INVALID;COORDINATE_ROUNDED
1453282285	50c9509d-22c7-4a22-a47d-8c48425ef4a7	http://www.inaturalist.org/observations/4763347	Animalia	Chordata	Mammalia	Carnivora	Ursidae	Tremarctos	Tremarctos ornatus		SPECIES	Tremarctos ornatus (F.G.Cuvier, 1825)	EC		28eb1a3f-1c15-4a95-931a-4af90ecb574d	-4.006248	-79.014559	31413.0						2016-12-10T12:18Z	10	12	2016	2433401	2433401	HUMAN_OBSERVATION	iNaturalist	Observations	4763347			CC_BY_NC_4_0	Matt Clark	Matt Clark			2018-02-03T06:38Z	STILLIMAGE	GEODETIC_DATUM_ASSUMED_WGS84;COORDINATE_ROUNDED
1427546382	2229752a-7d50-4632-a338-0930a6d792d1	IAvH:BICUB:PASTO:ANIMALIAPLANTAE:OBSERVACIONHUMANA:I2D-BIO_2015_IN003:0006	Animalia	Chordata	Mammalia	Carnivora	Ursidae	Tremarctos	Tremarctos ornatus		SPECIES	Tremarctos ornatus (F.G.Cuvier, 1825)	CO	Sector Las Juntas, Vereda Santa Isabel	2a7e3080-28a9-11dd-97cd-b8a03c50a862	0.991111	-77.129611			2786.0	0.0			2014-09-19T02:00Z	19	9	2014	2433401	2433401	HUMAN_OBSERVATION	IAvH	IAvH	IAvH:BICUB:PASTO:ANIMALIAPLANTAE:OBSERVACIONHUMANA:I2D-BIO_2015_IN003:0006		Lasso, Luis Gonzalo	CC_BY_NC_4_0	ADC	Lasso, Luis Gonzalo			2018-02-03T18:44Z		MULTIMEDIA_URI_INVALID;GEODETIC_DATUM_ASSUMED_WGS84;COORDINATE_ROUNDED
1317638712	821cc27a-e3bb-4bc5-ac34-89ada245069d	http://n2t.net/ark:/65665/3134a9030-239b-481f-9a7d-dfdf23d294ae	Animalia	Chordata	Mammalia	Carnivora	Ursidae	Tremarctos	Tremarctos ornatus		SPECIES	Tremarctos ornatus (F.G.Cuvier, 1825)	VE	Buena Vista, 35 Km S And 22 Km W Of San Cristobal	bc092ff0-02e4-11dc-991f-b8a03c50a862	7.45	-72.43			2380.0				1967-01-01T01:00Z			1967	2433401	2433401	PRESERVED_SPECIMEN	USNM	Mammals	443519	22009		CC0_1_0		Collector Unknown			2018-03-05T17:55Z		GEODETIC_DATUM_ASSUMED_WGS84
1314936720	79684ec1-01e8-46cc-83cb-cd5bdfb469fe	4479313	Animalia	Chordata	Mammalia	Carnivora	Ursidae	Tremarctos	Tremarctos ornatus		SPECIES	Tremarctos ornatus (F.G.Cuvier, 1825)	CO	Paramo de Guasca, vertiente Oriental. Bosque, selva densa.	eac88d99-9f6c-4031-8fc4-8088f0e0dfe7	4.84986	-73.7166			2600.0	200.0							2433401	2433401	PRESERVED_SPECIMEN	ICN	Mamiferos	3069			CC_BY_NC_4_0					2018-02-04T08:12Z		GEODETIC_DATUM_ASSUMED_WGS84;COORDINATE_PRECISION_INVALID
1314936704	79684ec1-01e8-46cc-83cb-cd5bdfb469fe	4479314	Animalia	Chordata	Mammalia	Carnivora	Ursidae	Tremarctos	Tremarctos ornatus		SPECIES	Tremarctos ornatus (F.G.Cuvier, 1825)	CO	Paramo de Guasca, vertiente oriental.	eac88d99-9f6c-4031-8fc4-8088f0e0dfe7	4.84986	-73.7166			2600.0	200.0							2433401	2433401	PRESERVED_SPECIMEN	ICN	Mamiferos	3494			CC_BY_NC_4_0					2018-02-04T08:13Z		GEODETIC_DATUM_ASSUMED_WGS84;COORDINATE_PRECISION_INVALID
1306573699	50c9509d-22c7-4a22-a47d-8c48425ef4a7	http://www.inaturalist.org/observations/2560070	Animalia	Chordata	Mammalia	Carnivora	Ursidae	Tremarctos	Tremarctos ornatus		SPECIES	Tremarctos ornatus (F.G.Cuvier, 1825)	EC		28eb1a3f-1c15-4a95-931a-4af90ecb574d	-4.143152	-79.087559	31413.0						2015-12-24T01:00Z	24	12	2015	2433401	2433401	HUMAN_OBSERVATION	iNaturalist	Observations	2560070			CC_BY_NC_4_0	Matt Clark	Matt Clark			2018-02-04T21:59Z	STILLIMAGE	GEODETIC_DATUM_ASSUMED_WGS84;COORDINATE_ROUNDED
1145810681	0daed095-478a-4af6-abf5-18acb790fbb2	http://arctos.database.museum/guid/MVZ:Mamm:230872?seid=2435169	Animalia	Chordata	Mammalia	Carnivora	Ursidae	Tremarctos	Tremarctos ornatus		SPECIES	Tremarctos ornatus (F.G.Cuvier, 1825)	US	San Francisco Zoo	8edbbde0-055e-11d8-b850-b8a03c50a862	37.73276145683774	-122.50262827384624	457.2						2012-03-05T01:00Z	5	3	2012	2433401	2433401	PRESERVED_SPECIMEN	MVZ	Mammal specimens	230872	187099	San Francisco Zoological Garden	CC0_1_0		Collector(s): San Francisco Zoological Garden		MANAGED	2018-02-03T01:33Z		COORDINATE_REPROJECTED
1145725006	0daed095-478a-4af6-abf5-18acb790fbb2	http://arctos.database.museum/guid/MVZ:Mamm:153638?seid=1129569	Animalia	Chordata	Mammalia	Carnivora	Ursidae	Tremarctos	Tremarctos ornatus		SPECIES	Tremarctos ornatus (F.G.Cuvier, 1825)	PE	Shaim (Aguaruna village), Rio Comaina	8edbbde0-055e-11d8-b850-b8a03c50a862	-4.44167	-78.17333	9611.0										2433401	2433401	PRESERVED_SPECIMEN	MVZ	Mammal specimens	153638	7238	Museum of Vertebrate Zoology, University of California, Berkeley	CC0_1_0		Collector(s): James L. Patton, Juan Yampis			2018-02-04T15:15Z		RECORDED_DATE_INVALID;GEODETIC_DATUM_ASSUMED_WGS84;GEODETIC_DATUM_INVALID
1145692195	0daed095-478a-4af6-abf5-18acb790fbb2	http://arctos.database.museum/guid/MVZ:Mamm:124111?seid=984620	Animalia	Chordata	Mammalia	Carnivora	Ursidae	Tremarctos	Tremarctos ornatus		SPECIES	Tremarctos ornatus (F.G.Cuvier, 1825)	CO	"W of Santiago, Cerro Patascoy, Laguna ""Cocha"""	8edbbde0-055e-11d8-b850-b8a03c50a862	1.033333	-77.083333							1956-02-16T01:00Z	16	2	1956	2433401	2433401	PRESERVED_SPECIMEN	MVZ	Mammal specimens	124111	10685	Museum of Vertebrate Zoology, University of California, Berkeley	CC0_1_0		Collector(s): Alden H. Miller, E. Beryal			2018-02-03T08:09Z		COORDINATE_ROUNDED
1142105355	5a659248-1f70-11e3-b2c5-00145eb45e9a		Animalia	Chordata	Mammalia	Carnivora	Ursidae	Tremarctos	Tremarctos ornatus	majori	SUBSPECIES	Tremarctos ornatus majori Thomas, 1902	CO	Departamento del Cauca	23539a57-1347-4dd3-af2a-cf9478563baa	2.24	-77.01							1967-05-09T01:00Z	9	5	1967	8807046	2433401	PRESERVED_SPECIMEN	MHNG	Mammals housed at MHNG, Geneva	MHNG-MAM-1132.090			CC_BY_NC_4_0					2018-02-05T03:38Z		GEODETIC_DATUM_ASSUMED_WGS84
1098654906	4dd6694a-2b15-464e-ae46-3cfb683e821e	PUJ:MPUJ_MAMM:001707	Animalia	Chordata	Mammalia	Carnivora	Ursidae	Tremarctos	Tremarctos ornatus		SPECIES	Tremarctos ornatus (F.G.Cuvier, 1825)	CO	Parque Nacional Natural Paramillo, vereda Cañaveral Medio	0e2f2e28-7790-4c82-b8fb-6ef7b4c764e2	7.858127	-76.029268							2008-10-10T02:00Z	10	10	2008	2433401	2433401	PRESERVED_SPECIMEN	PUJ	MPUJ_MAMM	1707			CC_BY_NC_4_0		Racero-Casarrubia J. A.			2018-02-04T22:03Z		
1065367965	7a25f7aa-03fb-4322-aaeb-66719e1a9527	60e78941-6623-4951-bf1b-73cdd5917ec8	Animalia	Chordata	Mammalia	Carnivora	Ursidae	Tremarctos	Tremarctos ornatus		SPECIES	Tremarctos ornatus (F.G.Cuvier, 1825)	PA	Caledonia Bay	493fe050-055d-11d8-b84f-b8a03c50a862	8.55	-77.42							1939-04-04T01:00Z	4	4	1939	2433401	2433401	PRESERVED_SPECIMEN	LACM	Mammals	020107			CC0_1_0		Elmore, F X		NATIVE	2018-02-04T09:10Z		
1020746976	83964202-07d9-4a27-8391-975144bcc1da	UIS:UIS-MHN:UIS-MHN-M-0693	Animalia	Chordata	Mammalia	Carnivora	Ursidae	Tremarctos	Tremarctos ornatus		SPECIES	Tremarctos ornatus (F.G.Cuvier, 1825)	CO		6c147991-c3bf-453d-a778-3bea9a534804	4.26686	-72.994631	997594.0										2433401	2433401	PRESERVED_SPECIMEN	UIS	UIS-MHN	UIS-MHN-M-0693			CC_BY_NC_4_0	Universidad Industrial de Santander				2018-02-05T04:50Z		COORDINATE_ROUNDED
1020746974	83964202-07d9-4a27-8391-975144bcc1da	UIS:UIS-MHN:UIS-MHN-M-0692	Animalia	Chordata	Mammalia	Carnivora	Ursidae	Tremarctos	Tremarctos ornatus		SPECIES	Tremarctos ornatus (F.G.Cuvier, 1825)	CO		6c147991-c3bf-453d-a778-3bea9a534804	4.26686	-72.994631	997594.0										2433401	2433401	PRESERVED_SPECIMEN	UIS	UIS-MHN	UIS-MHN-M-0692			CC_BY_NC_4_0	Universidad Industrial de Santander				2018-02-05T04:50Z		COORDINATE_ROUNDED
923644247	6ac3f774-d9fb-4796-b3e9-92bf6c81c084		Animalia	Chordata	Mammalia	Carnivora	Ursidae	Tremarctos	Tremarctos ornatus		SPECIES	Tremarctos ornatus (F.G.Cuvier, 1825)	EC	Mashpi Road	bb646dff-a905-4403-a49b-6d378c2cf0d9	0.07287	-78.696274	250.0						2012-12-06T01:00Z	6	12	2012	2433401	2433401	HUMAN_OBSERVATION	naturgucker	naturgucker	-535731920			CC_BY_4_0		-641193029			2018-03-15T12:10Z		GEODETIC_DATUM_ASSUMED_WGS84;COORDINATE_ROUNDED
919420690	22a66350-7947-4a49-84a3-39c7c1b0881f	urn:catalog:MSU:MR:MR.14368	Animalia	Chordata	Mammalia	Carnivora	Ursidae	Tremarctos	Tremarctos ornatus		SPECIES	Tremarctos ornatus (F.G.Cuvier, 1825)	EC	Viche	311e2740-f15a-11d8-b22f-b8a03c50a862	0.633	-79.55	4857.0						1964-07-05T01:00Z	5	7	1964	2433401	2433401	PRESERVED_SPECIMEN	MSU	MR	MR.14368			CC0_1_0		Senora Blanca Teran		NATIVE	2018-02-04T02:04Z		
865749093	5a659248-1f70-11e3-b2c5-00145eb45e9a		Animalia	Chordata	Mammalia	Carnivora	Ursidae	Tremarctos	Tremarctos ornatus		SPECIES	Tremarctos ornatus (F.G.Cuvier, 1825)	EC	Tandapi/Provincia de Pichincha	23539a57-1347-4dd3-af2a-cf9478563baa	-0.41681	-78.78343							1966-11-21T01:00Z	21	11	1966	2433401	2433401	PRESERVED_SPECIMEN	MHNG	Mammals housed at MHNG, Geneva	MHNG-MAM-1156.057			CC_BY_NC_4_0					2018-02-04T16:11Z		GEODETIC_DATUM_ASSUMED_WGS84
865749092	5a659248-1f70-11e3-b2c5-00145eb45e9a		Animalia	Chordata	Mammalia	Carnivora	Ursidae	Tremarctos	Tremarctos ornatus		SPECIES	Tremarctos ornatus (F.G.Cuvier, 1825)	EC	environ d’Ibarra/Provincia de Imbabura	23539a57-1347-4dd3-af2a-cf9478563baa	0.36202	-78.13099											2433401	2433401	PRESERVED_SPECIMEN	MHNG	Mammals housed at MHNG, Geneva	MHNG-MAM-1150.071			CC_BY_NC_4_0					2018-02-04T16:11Z		RECORDED_DATE_INVALID;GEODETIC_DATUM_ASSUMED_WGS84
858396495	71d58564-f762-11e1-a439-00145eb45e9a	MCNB:MCNB-Cord:MZB 2003-1920	Animalia	Chordata	Mammalia	Carnivora	Ursidae	Tremarctos	Tremarctos ornatus		SPECIES	Tremarctos ornatus (F.G.Cuvier, 1825)	CO		e8eada63-4a33-44aa-b2fd-4f71efb222a0	2.893078	-73.784507	1654950.0										2433401	2433401	PRESERVED_SPECIMEN	MCNB	MCNB-Cord	MZB 2003-1920			CC_BY_4_0					2018-02-04T20:26Z		COORDINATE_ROUNDED
858396492	71d58564-f762-11e1-a439-00145eb45e9a	MCNB:MCNB-Cord:MZB 2003-1921	Animalia	Chordata	Mammalia	Carnivora	Ursidae	Tremarctos	Tremarctos ornatus		SPECIES	Tremarctos ornatus (F.G.Cuvier, 1825)	CO		e8eada63-4a33-44aa-b2fd-4f71efb222a0	2.893078	-73.784507	1654950.0										2433401	2433401	PRESERVED_SPECIMEN	MCNB	MCNB-Cord	MZB 2003-1921			CC_BY_4_0					2018-02-04T20:26Z		COORDINATE_ROUNDED
858396439	71d58564-f762-11e1-a439-00145eb45e9a	MCNB:MCNB-Cord:MZB 2003-1716	Animalia	Chordata	Mammalia	Carnivora	Ursidae	Tremarctos	Tremarctos ornatus		SPECIES	Tremarctos ornatus (F.G.Cuvier, 1825)	CO		e8eada63-4a33-44aa-b2fd-4f71efb222a0	2.893078	-73.784507	1654950.0										2433401	2433401	PRESERVED_SPECIMEN	MCNB	MCNB-Cord	MZB 2003-1716			CC_BY_4_0					2018-02-04T20:26Z		COORDINATE_ROUNDED
783966326	6d2cfc0a-9903-40b8-802b-403398218e4a	urn:catalog:UMMZ:Mammals:77819	Animalia	Chordata	Mammalia	Carnivora	Ursidae	Tremarctos	Tremarctos ornatus	ornatus	SUBSPECIES	Tremarctos ornatus ornatus	EC	IBARRA,CAROLINA	6ea87510-0561-11d8-b851-b8a03c50a862	0.783	-78.3	3057.0						1934-12-01T01:00Z		12	1934	9197109	2433401	PRESERVED_SPECIMEN	UMMZ	Mammals	77819	335		CC0_1_0		P. HERSHKOVITZ		NATIVE	2018-02-04T08:27Z		
730257226	371b386a-d67b-4646-897e-a27cc1101067	Corantioquia-4755-CA0F0D3B927E42829B5884049D04AAC9	Animalia	Chordata	Mammalia	Carnivora	Ursidae	Tremarctos	Tremarctos ornatus		SPECIES	Tremarctos ornatus (F.G.Cuvier, 1825)	CO		15b278a8-1356-4f7b-ba32-3c733c3d0aac	6.91	-75.07			1600.0	0.0							2433401	2433401	HUMAN_OBSERVATION	Corantioquia	Corantioquia-M	4755-1133			CC0_1_0					2018-02-03T08:34Z		GEODETIC_DATUM_ASSUMED_WGS84
730255933	371b386a-d67b-4646-897e-a27cc1101067	Corantioquia-4755-99F66CDB7F7E43CE84FA3B05DF09FAD2	Animalia	Chordata	Mammalia	Carnivora	Ursidae	Tremarctos	Tremarctos ornatus		SPECIES	Tremarctos ornatus (F.G.Cuvier, 1825)	CO		15b278a8-1356-4f7b-ba32-3c733c3d0aac	6.73	-75.91			1650.0	0.0							2433401	2433401	HUMAN_OBSERVATION	Corantioquia	Corantioquia-M	4755-1125			CC0_1_0					2018-02-03T08:34Z		GEODETIC_DATUM_ASSUMED_WGS84
730255594	371b386a-d67b-4646-897e-a27cc1101067	Corantioquia-4755-8D0EE82F10E245FE84F90BB6781CF36B	Animalia	Chordata	Mammalia	Carnivora	Ursidae	Tremarctos	Tremarctos ornatus		SPECIES	Tremarctos ornatus (F.G.Cuvier, 1825)	CO		15b278a8-1356-4f7b-ba32-3c733c3d0aac	6.65	-75.46			2500.0	0.0							2433401	2433401	HUMAN_OBSERVATION	Corantioquia	Corantioquia-M	4755-1122			CC0_1_0					2018-02-03T08:34Z		GEODETIC_DATUM_ASSUMED_WGS84
730254770	371b386a-d67b-4646-897e-a27cc1101067	Corantioquia-4755-6DB9515AC39541AF9556593DCF2171CD	Animalia	Chordata	Mammalia	Carnivora	Ursidae	Tremarctos	Tremarctos ornatus		SPECIES	Tremarctos ornatus (F.G.Cuvier, 1825)	CO		15b278a8-1356-4f7b-ba32-3c733c3d0aac	5.66	-75.88			1400.0	0.0							2433401	2433401	HUMAN_OBSERVATION	Corantioquia	Corantioquia-M	4755-1128			CC0_1_0					2018-02-03T08:34Z		GEODETIC_DATUM_ASSUMED_WGS84
730254567	371b386a-d67b-4646-897e-a27cc1101067	Corantioquia-4755-65F990A0E8DE4F4FB3C54E8F89D9B201	Animalia	Chordata	Mammalia	Carnivora	Ursidae	Tremarctos	Tremarctos ornatus		SPECIES	Tremarctos ornatus (F.G.Cuvier, 1825)	CO		15b278a8-1356-4f7b-ba32-3c733c3d0aac	7.07	-75.15			1500.0	0.0							2433401	2433401	HUMAN_OBSERVATION	Corantioquia	Corantioquia-M	4755-1120			CC0_1_0					2018-02-03T08:34Z		GEODETIC_DATUM_ASSUMED_WGS84
730253021	371b386a-d67b-4646-897e-a27cc1101067	Corantioquia-4755-305D701A70B5472586AE7826546C0144	Animalia	Chordata	Mammalia	Carnivora	Ursidae	Tremarctos	Tremarctos ornatus		SPECIES	Tremarctos ornatus (F.G.Cuvier, 1825)	CO		15b278a8-1356-4f7b-ba32-3c733c3d0aac	5.6	-75.82			1700.0	0.0							2433401	2433401	HUMAN_OBSERVATION	Corantioquia	Corantioquia-M	4755-1131			CC0_1_0					2018-02-03T08:34Z		GEODETIC_DATUM_ASSUMED_WGS84
730252646	371b386a-d67b-4646-897e-a27cc1101067	Corantioquia-4755-222764227CBC4589A6BBC561BF6320B1	Animalia	Chordata	Mammalia	Carnivora	Ursidae	Tremarctos	Tremarctos ornatus		SPECIES	Tremarctos ornatus (F.G.Cuvier, 1825)	CO		15b278a8-1356-4f7b-ba32-3c733c3d0aac	6.86	-75.82			800.0	0.0							2433401	2433401	HUMAN_OBSERVATION	Corantioquia	Corantioquia-M	4755-1126			CC0_1_0					2018-02-03T08:34Z		GEODETIC_DATUM_ASSUMED_WGS84
665916093	41fc5c40-5e81-496f-9733-6b5681b3b7a5	cdcdc980-c3e8-4e4f-b4b1-9084d8eb1b1a	Animalia	Chordata	Mammalia	Carnivora	Ursidae	Tremarctos	Tremarctos ornatus		SPECIES	Tremarctos ornatus (F.G.Cuvier, 1825)	PE	Marcapata, road to Socapata	7b8aff00-a9f8-11d8-944b-b8a03c50a862	-13.5	-70.916664							1955-06-06T01:00Z	6	6	1955	2433401	2433401	PRESERVED_SPECIMEN	FMNH	Mammals	85498	CK-1818		CC0_1_0	The Field Museum of Natural History	C. Kalinowski			2018-02-04T22:24Z		COUNTRY_DERIVED_FROM_COORDINATES;GEODETIC_DATUM_ASSUMED_WGS84;COORDINATE_ROUNDED
665916035	41fc5c40-5e81-496f-9733-6b5681b3b7a5	3afd5bd7-ffc3-4c8c-8a28-f8f23d5e302b	Animalia	Chordata	Mammalia	Carnivora	Ursidae	Tremarctos	Tremarctos ornatus		SPECIES	Tremarctos ornatus (F.G.Cuvier, 1825)	EC	Cordillera de Los Llanganates, Tambo Jaramillo	7b8aff00-a9f8-11d8-944b-b8a03c50a862	-0.216667	-78.25			3414.0				1936-01-01T01:00Z			1936	2433401	2433401	PRESERVED_SPECIMEN	FMNH	Mammals	47052			CC0_1_0	The Field Museum of Natural History	E. Lock			2018-02-04T22:24Z		COUNTRY_DERIVED_FROM_COORDINATES;GEODETIC_DATUM_ASSUMED_WGS84;COORDINATE_ROUNDED
665915628	41fc5c40-5e81-496f-9733-6b5681b3b7a5	52907b70-1186-40af-828e-e73b911a2247	Animalia	Chordata	Mammalia	Carnivora	Ursidae	Tremarctos	Tremarctos ornatus		SPECIES	Tremarctos ornatus (F.G.Cuvier, 1825)	PE	Sandia	7b8aff00-a9f8-11d8-944b-b8a03c50a862	-14.283334	-69.433334			2178.0				1950-01-01T01:00Z			1950	2433401	2433401	PRESERVED_SPECIMEN	FMNH	Mammals	78464	m89		CC0_1_0	The Field Museum of Natural History	H. H. Heller			2018-02-04T22:24Z		COUNTRY_DERIVED_FROM_COORDINATES;GEODETIC_DATUM_ASSUMED_WGS84;COUNTRY_INVALID;COORDINATE_ROUNDED
665913997	41fc5c40-5e81-496f-9733-6b5681b3b7a5	5d9e2a5f-bef9-4a4f-957b-d161d94a2a8b	Animalia	Chordata	Mammalia	Carnivora	Ursidae	Tremarctos	Tremarctos ornatus		SPECIES	Tremarctos ornatus (F.G.Cuvier, 1825)	PE	Marcapata, road to Socapata	7b8aff00-a9f8-11d8-944b-b8a03c50a862	-13.5	-70.916664							1948-05-30T02:00Z	30	5	1948	2433401	2433401	PRESERVED_SPECIMEN	FMNH	Mammals	85499	CK-1819		CC0_1_0	The Field Museum of Natural History	C. Kalinowski			2018-02-04T22:24Z		COUNTRY_DERIVED_FROM_COORDINATES;GEODETIC_DATUM_ASSUMED_WGS84;COORDINATE_ROUNDED
665904042	41fc5c40-5e81-496f-9733-6b5681b3b7a5	aca0f34c-1ba6-4516-abf1-f6e191f52012	Animalia	Chordata	Mammalia	Carnivora	Ursidae	Tremarctos	Tremarctos ornatus		SPECIES	Tremarctos ornatus (F.G.Cuvier, 1825)	PE	Marcapata, road to Socapata	7b8aff00-a9f8-11d8-944b-b8a03c50a862	-13.5	-70.916664							1955-06-17T01:00Z	17	6	1955	2433401	2433401	PRESERVED_SPECIMEN	FMNH	Mammals	85501	CK-1821		CC0_1_0	The Field Museum of Natural History	C. Kalinowski			2018-02-04T22:24Z		COUNTRY_DERIVED_FROM_COORDINATES;GEODETIC_DATUM_ASSUMED_WGS84;COORDINATE_ROUNDED
665904041	41fc5c40-5e81-496f-9733-6b5681b3b7a5	96d5c7e8-8e89-4892-90a0-3c964d156663	Animalia	Chordata	Mammalia	Carnivora	Ursidae	Tremarctos	Tremarctos ornatus		SPECIES	Tremarctos ornatus (F.G.Cuvier, 1825)	PE	Marcapata, road to Socapata	7b8aff00-a9f8-11d8-944b-b8a03c50a862	-13.5	-70.916664							1955-06-13T01:00Z	13	6	1955	2433401	2433401	PRESERVED_SPECIMEN	FMNH	Mammals	85500	CK-1820		CC0_1_0	The Field Museum of Natural History	C. Kalinowski			2018-02-04T22:24Z		COUNTRY_DERIVED_FROM_COORDINATES;GEODETIC_DATUM_ASSUMED_WGS84;COORDINATE_ROUNDED
665892499	41fc5c40-5e81-496f-9733-6b5681b3b7a5	ce88cddc-089e-42a9-9848-ee26c7d483ef	Animalia	Chordata	Mammalia	Carnivora	Ursidae	Tremarctos	Tremarctos ornatus		SPECIES	Tremarctos ornatus (F.G.Cuvier, 1825)	CO		7b8aff00-a9f8-11d8-944b-b8a03c50a862	3.997139	-71.996529											2433401	2433401	PRESERVED_SPECIMEN	FMNH	Mammals	88488	KVS		CC0_1_0	The Field Museum of Natural History	K. von Sneidern			2018-02-04T22:24Z		COUNTRY_DERIVED_FROM_COORDINATES;GEODETIC_DATUM_ASSUMED_WGS84;COORDINATE_ROUNDED
665840769	41fc5c40-5e81-496f-9733-6b5681b3b7a5	8bca1563-9753-487e-8f83-25d8290763ff	Animalia	Chordata	Mammalia	Carnivora	Ursidae	Tremarctos	Tremarctos ornatus		SPECIES	Tremarctos ornatus (F.G.Cuvier, 1825)	PE	Chilichili	7b8aff00-a9f8-11d8-944b-b8a03c50a862	-13.416667	-70.716667			2350.0				1951-03-25T01:00Z	25	3	1951	2433401	2433401	PRESERVED_SPECIMEN	FMNH	Mammals	78678	CK-515		CC0_1_0	The Field Museum of Natural History	C. Kalinowski			2018-02-04T22:24Z		COUNTRY_DERIVED_FROM_COORDINATES;GEODETIC_DATUM_ASSUMED_WGS84;COUNTRY_INVALID;COORDINATE_ROUNDED
665813596	41fc5c40-5e81-496f-9733-6b5681b3b7a5	a479e7c2-6b61-47b6-9ace-f7168efe6047	Animalia	Chordata	Mammalia	Carnivora	Ursidae	Tremarctos	Tremarctos ornatus		SPECIES	Tremarctos ornatus (F.G.Cuvier, 1825)	PE	Chiclayo	7b8aff00-a9f8-11d8-944b-b8a03c50a862	-6.766667	-79.849998			21.0				1933-06-16T01:00Z	16	6	1933	2433401	2433401	PRESERVED_SPECIMEN	FMNH	Mammals	41294			CC0_1_0	The Field Museum of Natural History	W. A. Olen			2018-02-05T00:14Z		COUNTRY_DERIVED_FROM_COORDINATES;GEODETIC_DATUM_ASSUMED_WGS84;COUNTRY_INVALID;COORDINATE_ROUNDED
665789300	41fc5c40-5e81-496f-9733-6b5681b3b7a5	a75b3898-dc0f-4d8b-933c-8683f8e40738	Animalia	Chordata	Mammalia	Carnivora	Ursidae	Tremarctos	Tremarctos ornatus		SPECIES	Tremarctos ornatus (F.G.Cuvier, 1825)	AQ	Menocucho, 10 mi NW	7b8aff00-a9f8-11d8-944b-b8a03c50a862	-79.98333	-78.866669							1912-02-26T01:00Z	26	2	1912	2433401	2433401	PRESERVED_SPECIMEN	FMNH	Mammals	20311	WHO-4504		CC0_1_0	The Field Museum of Natural History	W. H. Osgood			2018-02-05T00:14Z		COUNTRY_DERIVED_FROM_COORDINATES;GEODETIC_DATUM_ASSUMED_WGS84;COUNTRY_INVALID;COORDINATE_ROUNDED
665787139	41fc5c40-5e81-496f-9733-6b5681b3b7a5	c410ac1b-cfb2-4b98-8a54-e1b04f633fa8	Animalia	Chordata	Mammalia	Carnivora	Ursidae	Tremarctos	Tremarctos ornatus		SPECIES	Tremarctos ornatus (F.G.Cuvier, 1825)	VE	Merida	7b8aff00-a9f8-11d8-944b-b8a03c50a862	8.6	-71.133331			1641.0								2433401	2433401	PRESERVED_SPECIMEN	FMNH	Mammals	18153			CC0_1_0	The Field Museum of Natural History	W. F. H. Rosenberg			2018-02-05T00:14Z		COUNTRY_DERIVED_FROM_COORDINATES;GEODETIC_DATUM_ASSUMED_WGS84;COORDINATE_ROUNDED
665739419	41fc5c40-5e81-496f-9733-6b5681b3b7a5	844833fc-b93c-4e13-975f-7ed7a62c4f57	Animalia	Chordata	Mammalia	Carnivora	Ursidae	Tremarctos	Tremarctos ornatus		SPECIES	Tremarctos ornatus (F.G.Cuvier, 1825)	CO	Paletara	7b8aff00-a9f8-11d8-944b-b8a03c50a862	2.20417	-76.496941											2433401	2433401	PRESERVED_SPECIMEN	FMNH	Mammals	146343	352		CC0_1_0	The Field Museum of Natural History	L. B. Radinsky			2018-02-05T00:14Z		COUNTRY_DERIVED_FROM_COORDINATES;GEODETIC_DATUM_ASSUMED_WGS84;COORDINATE_ROUNDED
380185269	811f7d86-f762-11e1-a439-00145eb45e9a	52b62bac-f19f-11e6-b9c4-70e2840fc270	Animalia	Chordata	Mammalia	Carnivora	Ursidae	Tremarctos	Tremarctos ornatus		SPECIES	Tremarctos ornatus (F.G.Cuvier, 1825)	JP		4fd82480-ea1c-11da-8db4-b8a03c50a862	32.68436	130.65874							1998-01-01T01:00Z			1998	2433401	2433401	PRESERVED_SPECIMEN	INM	Ma	1542			CC_BY_4_0					2018-03-08T05:18Z		RECORDED_DATE_MISMATCH;GEODETIC_DATUM_ASSUMED_WGS84
197239734	4d749d70-e2e1-11dd-8102-b8a03c50a862		Animalia	Chordata	Mammalia	Carnivora	Ursidae	Tremarctos	Tremarctos ornatus		SPECIES	Tremarctos ornatus (F.G.Cuvier, 1825)	EC	Coangos	335880a0-e2e1-11dd-8102-b8a03c50a862	-3.483	-78.233							1993-07-17T02:00Z	17	7	1993	2433401	2433401	HUMAN_OBSERVATION	Conservation International	10	25164			CC_BY_4_0					2018-03-06T14:55Z		GEODETIC_DATUM_ASSUMED_WGS84
197238989	4d749d70-e2e1-11dd-8102-b8a03c50a862		Animalia	Chordata	Mammalia	Carnivora	Ursidae	Tremarctos	Tremarctos ornatus		SPECIES	Tremarctos ornatus (F.G.Cuvier, 1825)	PE	Camp One	335880a0-e2e1-11dd-8102-b8a03c50a862	-11.66	-73.667			3350.0				1997-06-06T02:00Z	6	6	1997	2433401	2433401	HUMAN_OBSERVATION	Conservation International	7	51876			CC_BY_4_0		Lucia Luna			2018-03-06T14:55Z		GEODETIC_DATUM_ASSUMED_WGS84
197238805	4d749d70-e2e1-11dd-8102-b8a03c50a862		Animalia	Chordata	Mammalia	Carnivora	Ursidae	Tremarctos	Tremarctos ornatus		SPECIES	Tremarctos ornatus (F.G.Cuvier, 1825)	BO	Cerro Tigrecillo	335880a0-e2e1-11dd-8102-b8a03c50a862	-20.656	-64.34			2150.0				1995-05-01T02:00Z	1	5	1995	2433401	2433401	HUMAN_OBSERVATION	Conservation International	34	30188			CC_BY_4_0		Louise H. Emmons			2018-03-06T14:55Z		GEODETIC_DATUM_ASSUMED_WGS84;ELEVATION_NON_NUMERIC
197238731	4d749d70-e2e1-11dd-8102-b8a03c50a862		Animalia	Chordata	Mammalia	Carnivora	Ursidae	Tremarctos	Tremarctos ornatus		SPECIES	Tremarctos ornatus (F.G.Cuvier, 1825)	BO	Limon (Camp Garrapata)	335880a0-e2e1-11dd-8102-b8a03c50a862	-20.712	-64.305			950.0				1995-05-01T02:00Z	1	5	1995	2433401	2433401	HUMAN_OBSERVATION	Conservation International	34	21732			CC_BY_4_0		Louise H. Emmons			2018-03-06T14:55Z		GEODETIC_DATUM_ASSUMED_WGS84;ELEVATION_NON_NUMERIC
197238407	4d749d70-e2e1-11dd-8102-b8a03c50a862		Animalia	Chordata	Mammalia	Carnivora	Ursidae	Tremarctos	Tremarctos ornatus		SPECIES	Tremarctos ornatus (F.G.Cuvier, 1825)	PE	Upper Rio Comainas	335880a0-e2e1-11dd-8102-b8a03c50a862	-3.917	-78.433							1994-07-14T02:00Z	14	7	1994	2433401	2433401	HUMAN_OBSERVATION	Conservation International	11	13168			CC_BY_4_0		Louise H. Emmons			2018-03-06T14:55Z		GEODETIC_DATUM_ASSUMED_WGS84
197238348	4d749d70-e2e1-11dd-8102-b8a03c50a862		Animalia	Chordata	Mammalia	Carnivora	Ursidae	Tremarctos	Tremarctos ornatus		SPECIES	Tremarctos ornatus (F.G.Cuvier, 1825)	EC	Miazi	335880a0-e2e1-11dd-8102-b8a03c50a862	-4.283	-78.633			900.0				1993-07-27T02:00Z	27	7	1993	2433401	2433401	HUMAN_OBSERVATION	Conservation International	10	9933			CC_BY_4_0		Luis Albuja V.			2018-03-06T14:55Z		GEODETIC_DATUM_ASSUMED_WGS84
45915154	847e2306-f762-11e1-a439-00145eb45e9a	urn:catalog:LSUMZ:Mammals:35241	Animalia	Chordata	Mammalia	Carnivora	Ursidae	Tremarctos	Tremarctos ornatus		SPECIES	Tremarctos ornatus (F.G.Cuvier, 1825)	PE	Cordillera Colán, E. La Peca	c361e830-181e-11da-9544-b8a03c50a862	-5.587	-78.201							1978-08-28T01:00Z	28	8	1978	2433401	2433401	PRESERVED_SPECIMEN	LSUMZ	Mammals	35241			CC0_1_0		Williams, Morris D.		NATIVE	2018-02-04T13:04Z		
45915074	847e2306-f762-11e1-a439-00145eb45e9a	urn:catalog:LSUMZ:Mammals:28399	Animalia	Chordata	Mammalia	Carnivora	Ursidae	Tremarctos	Tremarctos ornatus		SPECIES	Tremarctos ornatus (F.G.Cuvier, 1825)	PE	Santa Cruz, ca. 9 km SSE Oxapampa	c361e830-181e-11da-9544-b8a03c50a862	-10.617	-75.333							1982-02-28T01:00Z	28	2	1982	2433401	2433401	PRESERVED_SPECIMEN	LSUMZ	Mammals	28399			CC0_1_0		Schulenberg, Thomas S.		NATIVE	2018-02-04T13:04Z		
